,name,company,year,Price,kms_driven,fuel_type
0,Hyundai Santro Xing,Hyundai,2007,234400.0,45000,Petrol
1,Mahindra Jeep CL550,Mahindra,2006,1245250.0,40,Diesel
2,Hyundai Grand i10,Hyundai,2014,952250.0,28000,Petrol
3,Ford EcoSport Titanium,Ford,2014,1684750.0,36000,Diesel
4,Ford Figo,Ford,2012,512750.0,41000,Diesel
5,Hyundai Eon,Hyundai,2013,556700.0,25000,Petrol
6,Ford EcoSport Ambiente,Ford,2016,2431900.0,24530,Diesel
7,Maruti Suzuki Alto,Maruti,2015,732500.0,60000,Petrol
8,Skoda Fabia Classic,Skoda,2010,533260.0,60000,Petrol
9,Maruti Suzuki Stingray,Maruti,2015,922950.0,30000,Petrol
10,Hyundai Elite i20,Hyundai,2014,1215950.0,32000,Petrol
11,Mahindra Scorpio SLE,Mahindra,2015,937600.0,48660,Diesel
12,Hyundai Santro Xing,Hyundai,2007,234400.0,45000,Petrol
13,Mahindra Jeep CL550,Mahindra,2006,1245250.0,40,Diesel
14,Audi A8,Audi,2017,2930000.0,4000,Petrol
15,Audi Q7,Audi,2014,1465000.0,16934,Diesel
16,Mahindra Scorpio S10,Mahindra,2016,1025500.0,43000,Diesel
17,Maruti Suzuki Alto,Maruti,2014,468800.0,35550,Petrol
18,Mahindra Scorpio S10,Mahindra,2016,1025500.0,43000,Diesel
19,Mahindra Scorpio S10,Mahindra,2016,908300.0,39522,Diesel
20,Maruti Suzuki Alto,Maruti,2015,219750.0,39000,Petrol
21,Hyundai i20 Sportz,Hyundai,2012,293000.0,55000,Petrol
22,Hyundai i20 Sportz,Hyundai,2012,293000.0,55000,Petrol
23,Hyundai i20 Sportz,Hyundai,2012,293000.0,55000,Petrol
24,Maruti Suzuki Alto,Maruti,2017,556700.0,72000,Petrol
25,Maruti Suzuki Vitara,Maruti,2016,849700.0,15975,Diesel
26,Maruti Suzuki Alto,Maruti,2008,278350.0,70000,Petrol
27,Mahindra Bolero DI,Mahindra,2017,527400.0,23452,Diesel
28,Maruti Suzuki Swift,Maruti,2014,1128050.0,35522,Diesel
29,Mahindra Scorpio S10,Mahindra,2015,732500.0,48508,Diesel
30,Maruti Suzuki Swift,Maruti,2017,527400.0,15487,Petrol
31,Maruti Suzuki Wagon,Maruti,2013,307650.0,39000,Petrol
32,Maruti Suzuki Wagon,Maruti,2013,307650.0,39000,Petrol
33,Toyota Innova 2.0,Toyota,2012,1904500.0,82000,Diesel
34,Renault Lodgy 85,Renault,2018,2021697.07,20000,Diesel
35,Skoda Yeti Ambition,Skoda,2012,1312640.0,68000,Diesel
36,Maruti Suzuki Baleno,Maruti,2017,1608570.0,32000,Diesel
37,Renault Duster 110,Renault,2012,1467930.0,38000,Diesel
38,Renault Duster 85,Renault,2013,1435697.07,27000,Diesel
39,Honda City 1.5,Honda,2011,820400.0,33000,Petrol
40,Maruti Suzuki Alto,Maruti,2015,732500.0,60000,Petrol
41,Maruti Suzuki Dzire,Maruti,2013,1025497.0700000001,46000,Diesel
42,Honda Amaze,Honda,2013,835047.0700000001,46000,Diesel
43,Honda Amaze 1.5,Honda,2015,1010850.0,36000,Diesel
44,Honda City,Honda,2015,1464997.07,55000,Petrol
45,Datsun Redi GO,Datsun,2017,688550.0,16000,Petrol
46,Maruti Suzuki SX4,Maruti,2010,732497.0700000001,36000,Petrol
47,Mitsubishi Pajero Sport,Mitsubishi,2015,4321750.0,47000,Diesel
48,Mahindra Bolero DI,Mahindra,2017,527400.0,23452,Diesel
49,Maruti Suzuki Swift,Maruti,2014,1128050.0,35522,Diesel
50,Mahindra Scorpio S10,Mahindra,2015,732500.0,48508,Diesel
51,Maruti Suzuki Swift,Maruti,2017,527400.0,15487,Petrol
52,Maruti Suzuki Wagon,Maruti,2013,307650.0,39000,Petrol
53,Maruti Suzuki Wagon,Maruti,2013,307650.0,39000,Petrol
54,Mahindra Scorpio S10,Mahindra,2015,1157350.0,35000,Diesel
55,Maruti Suzuki Swift,Maruti,2017,644600.0,30874,Petrol
56,Honda City ZX,Honda,2017,498100.0,15000,Diesel
57,Maruti Suzuki Wagon,Maruti,2013,249050.0,29685,Petrol
58,Ford Figo,Ford,2012,512750.0,41000,Diesel
59,Hyundai Eon,Hyundai,2013,556700.0,25000,Petrol
60,Tata Indigo eCS,Tata,2017,586000.0,130000,Diesel
61,Ford EcoSport Ambiente,Ford,2016,2431900.0,24530,Diesel
62,Tata Indigo eCS,Tata,2017,586000.0,130000,Diesel
63,Mahindra Scorpio SLE,Mahindra,2012,1670100.0,19000,Diesel
64,Volkswagen Polo Highline,Volkswagen,2014,922950.0,60000,Petrol
65,Skoda Fabia Classic,Skoda,2010,533260.0,60000,Petrol
66,Maruti Suzuki Stingray,Maruti,2015,922950.0,30000,Petrol
67,Chevrolet Spark LS,Chevrolet,2010,322300.0,41000,Petrol
68,Renault Duster 110PS,Renault,2012,1467930.0,35000,Diesel
69,Honda City,Honda,2015,1315567.07,54000,Petrol
70,Mini Cooper S,Mini,2013,5540955.23,13000,Petrol
71,Datsun Redi GO,Datsun,2017,688550.0,16000,Petrol
72,Skoda Fabia 1.2L,Skoda,2011,467335.0,38200,Diesel
73,Honda Amaze,Honda,2015,1010847.0700000001,22000,Petrol
74,Honda Amaze,Honda,2015,1010847.0700000001,22000,Petrol
75,Renault Duster,Renault,2014,1318497.07,50000,Diesel
76,Mini Cooper S,Mini,2013,5540955.23,13500,Petrol
77,Mahindra Scorpio S4,Mahindra,2015,2534450.0,30000,Diesel
78,Mahindra Scorpio VLX,Mahindra,2014,2048070.0,50000,Diesel
79,Mahindra Quanto C8,Mahindra,2013,1098750.0,20000,Diesel
80,Ford EcoSport,Ford,2017,1435697.07,39000,Petrol
81,Honda Brio,Honda,2012,659247.0700000001,30000,Petrol
82,Volkswagen Vento Highline,Volkswagen,2019,3516000.0,3600,Diesel
83,Hyundai i20 Magna,Hyundai,2009,571350.0,32000,Petrol
84,Toyota Corolla Altis,Toyota,2010,1028430.0,38000,Diesel
85,Hyundai Verna Transform,Hyundai,2008,468800.0,45000,Petrol
86,Toyota Corolla Altis,Toyota,2009,703200.0,35000,Petrol
87,Honda City 1.5,Honda,2005,263700.0,50000,Petrol
88,Hyundai Elite i20,Hyundai,2014,1215950.0,32000,Petrol
89,Skoda Fabia 1.2L,Skoda,2011,454150.0,45863,Diesel
90,BMW 3 Series,BMW,2011,1758000.0,60500,Petrol
91,Maruti Suzuki A,Maruti,2011,555235.0,12500,Petrol
92,Toyota Etios GD,Toyota,2013,1025500.0,60000,Diesel
93,Ford Figo Diesel,Ford,2012,615300.0,35000,Diesel
94,Maruti Suzuki Swift,Maruti,2014,1142700.0,35000,Petrol
95,Chevrolet Beat LT,Chevrolet,2012,395550.0,45000,Diesel
96,BMW 7 Series,BMW,2009,4688000.0,35000,Petrol
97,Mahindra XUV500 W8,Mahindra,2013,2053930.0,38000,Diesel
98,Hyundai i10 Magna,Hyundai,2014,776450.0,18000,Petrol
99,Hyundai Verna Fluidic,Hyundai,2015,1538250.0,35000,Diesel
100,Maruti Suzuki Swift,Maruti,2013,1089960.0,13349,Petrol
101,Maruti Suzuki Ertiga,Maruti,2016,1860550.0,29000,Petrol
102,Ford EcoSport Titanium,Ford,2014,1611500.0,44000,Diesel
103,Maruti Suzuki Ertiga,Maruti,2016,1684750.0,29000,Petrol
104,Maruti Suzuki Ertiga,Maruti,2013,1421050.0,42000,Diesel
105,Maruti Suzuki Alto,Maruti,2012,454150.0,14000,Petrol
106,Hyundai Grand i10,Hyundai,2014,1010850.0,49000,Diesel
107,Honda Amaze 1.2,Honda,2014,952250.0,42000,Petrol
108,Hyundai i20 Asta,Hyundai,2012,965435.0,36200,Diesel
109,Ford Figo Diesel,Ford,2014,571350.0,50000,Diesel
110,Maruti Suzuki Eeco,Maruti,2015,735755.2300000001,55000,Petrol
111,Maruti Suzuki Ertiga,Maruti,2014,1670097.07,45000,Petrol
112,Maruti Suzuki Esteem,Maruti,2007,205097.07,51000,Petrol
113,Maruti Suzuki Ritz,Maruti,2014,878997.0700000001,19000,Petrol
114,Maruti Suzuki Dzire,Maruti,2009,644600.0,46000,Petrol
115,Maruti Suzuki Ritz,Maruti,2013,1171997.07,33000,Diesel
116,Maruti Suzuki Swift,Maruti,2013,1089960.0,13349,Petrol
117,Maruti Suzuki Dzire,Maruti,2015,1318500.0,104000,Diesel
118,Toyota Etios Liva,Toyota,2014,791100.0,55000,Petrol
119,Hyundai i20 Sportz,Hyundai,2011,1025500.0,33333,Diesel
120,Chevrolet Spark,Chevrolet,2012,464112.0,33600,Petrol
121,Maruti Suzuki Alto,Maruti,2017,1025500.0,5600,Petrol
122,Nissan Micra XV,Nissan,2011,524470.0,41000,Petrol
123,Maruti Suzuki Swift,Maruti,2007,366250.0,70000,Petrol
124,Maruti Suzuki Alto,Maruti,2018,586000.0,7500,Petrol
125,Honda Amaze 1.5,Honda,2013,876070.0,45000,Diesel
126,Maruti Suzuki Alto,Maruti,2015,644600.0,38000,Petrol
127,Chevrolet Beat,Chevrolet,2015,439500.0,30000,Petrol
128,Honda City 1.5,Honda,2010,835050.0,35000,Petrol
129,Ford EcoSport Trend,Ford,2016,2431900.0,24330,Diesel
130,Hyundai i20 Asta,Hyundai,2009,615300.0,65480,Petrol
131,Maruti Suzuki Swift,Maruti,2013,996200.0,41000,Petrol
132,Tata Indica V2,Tata,2006,263700.0,20000,Petrol
133,Hindustan Motors Ambassador,Hindustan,2000,205100.0,200000,Diesel
134,Toyota Corolla Altis,Toyota,2010,849697.0700000001,70000,Petrol
135,Toyota Corolla Altis,Toyota,2012,1025497.0700000001,59000,Petrol
136,Toyota Innova 2.5,Toyota,2012,2490497.0700000003,99000,Diesel
137,Volkswagen Jetta Highline,Volkswagen,2014,2197497.0700000003,46000,Diesel
138,Volkswagen Polo Comfortline,Volkswagen,2015,1171997.07,2800,Petrol
139,Volkswagen Polo,Volkswagen,2014,805747.0700000001,32000,Petrol
140,Mahindra Scorpio,Mahindra,2015,2886047.0700000003,22000,Diesel
141,Renault Duster,Renault,2014,1318497.07,50000,Diesel
142,Honda Amaze,Honda,2015,1010847.0700000001,22000,Petrol
143,Nissan Sunny,Nissan,2012,659247.0700000001,45000,Petrol
144,Hyundai Elite i20,Hyundai,2018,1757997.07,21000,Petrol
145,Renault Kwid,Renault,2016,717847.0700000001,11000,Petrol
146,Renault Duster,Renault,2013,1171997.07,41000,Diesel
147,Ford EcoSport,Ford,2017,1435697.07,39000,Petrol
148,Renault Duster,Renault,2014,1391747.07,50000,Diesel
149,Mahindra Scorpio VLX,Mahindra,2011,1464997.07,66000,Diesel
150,Maruti Suzuki Alto,Maruti,2018,908300.0,3000,Petrol
151,Chevrolet Spark LT,Chevrolet,2010,249050.0,45000,Petrol
152,Datsun Redi GO,Datsun,2016,717850.0,7000,Petrol
153,Maruti Suzuki Swift,Maruti,2010,555235.0,38500,Diesel
154,Fiat Punto Emotion,Fiat,2012,496635.0,37200,Diesel
155,Maruti Suzuki Swift,Maruti,2010,467335.0,43200,Diesel
156,Toyota Etios GD,Toyota,2013,805750.0,24800,Petrol
157,Hyundai i20 Sportz,Hyundai,2014,1084100.0,60000,Diesel
158,Hyundai i10 Sportz,Hyundai,2010,492240.0,45872,Petrol
159,Chevrolet Beat LT,Chevrolet,2011,439500.0,40000,Diesel
160,Chevrolet Beat LS,Chevrolet,2011,424850.0,45000,Diesel
161,Chevrolet Beat LT,Chevrolet,2012,288605.0,38000,Diesel
162,Mahindra Scorpio VLX,Mahindra,2014,2048070.0,50000,Diesel
163,Tata Indigo CS,Tata,2011,249050.0,11400,Diesel
164,Toyota Corolla Altis,Toyota,2015,1684750.0,42000,Petrol
165,Honda City 1.5,Honda,2014,1608570.0,39000,Petrol
166,Maruti Suzuki Swift,Maruti,2011,612370.0,47000,Diesel
167,Hyundai Eon Era,Hyundai,2013,542050.0,27000,Petrol
168,Mahindra Scorpio S10,Mahindra,2015,2637000.0,97200,Diesel
169,Mahindra XUV500,Mahindra,2014,2050997.07,52000,Diesel
170,Honda Brio,Honda,2012,659247.0700000001,30000,Petrol
171,Ford Fiesta,Ford,2011,805747.0700000001,55000,Diesel
172,Honda Amaze,Honda,2013,835047.0700000001,46000,Diesel
173,Honda City,Honda,2015,1757997.07,30000,Diesel
174,Maruti Suzuki Wagon,Maruti,2012,585997.0700000001,44000,Petrol
175,Honda City,Honda,2014,1596847.07,45000,Diesel
176,Hyundai i20,Hyundai,2009,583070.0,31000,Petrol
177,Tata Indigo eCS,Tata,2016,937600.0,175430,Diesel
178,Hyundai Fluidic Verna,Hyundai,2015,1582200.0,38000,Diesel
179,Mahindra Quanto C8,Mahindra,2013,996200.0,37000,Diesel
180,Fiat Petra ELX,Fiat,2008,219750.0,65000,Petrol
181,Skoda Fabia 1.2L,Skoda,2011,467335.0,38200,Diesel
182,Mini Cooper S,Mini,2013,5540955.23,13000,Petrol
183,Hyundai Santro Xing,Hyundai,2005,143570.0,7500,Petrol
184,Maruti Suzuki Ciaz,Maruti,2016,2051000.0,3350,Petrol
185,Maruti Suzuki Zen,Maruti,2000,161150.0,60000,Petrol
186,Honda City,Honda,2015,1315567.07,54000,Petrol
187,Hyundai Creta 1.6,Hyundai,2017,2622350.0,32000,Petrol
188,Mahindra Scorpio SLX,Mahindra,2007,1040150.0,75000,Diesel
189,Mahindra Scorpio SLE,Mahindra,2012,1655450.0,62000,Diesel
190,Toyota Innova 2.5,Toyota,2006,1069450.0,73000,Diesel
191,Maruti Suzuki Alto,Maruti,2011,424850.0,41000,Petrol
192,Maruti Suzuki Wagon,Maruti,2011,615300.0,35000,Petrol
193,Tata Nano Cx,Tata,2013,117200.0,2200,Petrol
194,Maruti Suzuki Alto,Maruti,2013,366250.0,39000,Petrol
195,Maruti Suzuki Wagon,Maruti,2009,395550.0,45000,Petrol
196,Maruti Suzuki Swift,Maruti,2006,395550.0,45000,Petrol
197,Tata Sumo Victa,Tata,2012,835050.0,65000,Diesel
198,Maruti Suzuki Wagon,Maruti,2010,424850.0,54870,Petrol
199,Maruti Suzuki Alto,Maruti,2010,395550.0,34580,Petrol
200,Volkswagen Passat Diesel,Volkswagen,2009,1318500.0,97000,Diesel
201,Renault Scala RxL,Renault,2015,1098750.0,25000,Diesel
202,Mahindra Quanto C8,Mahindra,2013,1098750.0,20000,Diesel
203,Hyundai Grand i10,Hyundai,2014,1069450.0,20000,Petrol
204,Hyundai i20 Active,Hyundai,2015,1465000.0,18000,Petrol
205,Mahindra Xylo E4,Mahindra,2012,1172000.0,35000,Diesel
206,Mahindra Jeep MM,Mahindra,2019,1142700.0,60,Diesel
207,Renault Duster 110PS,Renault,2012,1467930.0,35000,Diesel
208,Mahindra Bolero SLE,Mahindra,2013,966900.0,80200,Diesel
209,Force Motors Force,Force,2015,1699400.0,3200,Diesel
210,Maruti Suzuki SX4,Maruti,2012,776450.0,46000,Diesel
211,Mahindra Jeep CL550,Mahindra,2019,1110470.0,0,Diesel
212,Maruti Suzuki Alto,Maruti,2015,641670.0,5000,Petrol
213,Mahindra Jeep CL550,Mahindra,2018,1128050.0,588,Diesel
214,Toyota Etios,Toyota,2011,805750.0,36000,Diesel
215,Volkswagen Polo,Volkswagen,2015,966900.0,38000,Diesel
216,Honda City ZX,Honda,2008,322300.0,45000,Petrol
217,Maruti Suzuki Wagon,Maruti,2006,234400.0,71200,Petrol
218,Honda City VX,Honda,2016,1520670.0,52000,Diesel
219,Mahindra Thar CRDe,Mahindra,2016,2138900.0,29000,Diesel
220,Mitsubishi Pajero Sport,Mitsubishi,2015,4321750.0,47000,Diesel
221,Audi A4 1.8,Audi,2009,2048070.0,47000,Petrol
222,Mercedes Benz GLA,Mercedes,2015,5860000.0,20000,Diesel
223,Land Rover Freelander,Land,2015,6153000.0,30000,Diesel
224,Renault Kwid RXT,Renault,2017,996200.0,5000,Petrol
225,Tata Aria Pleasure,Tata,2014,1142700.0,35000,Diesel
226,Mercedes Benz B,Mercedes,2014,4102000.0,31000,Petrol
227,Datsun GO T,Datsun,2016,717850.0,7000,Petrol
228,Tata Indigo eCS,Tata,2016,937600.0,175430,Diesel
229,Tata Indigo eCS,Tata,2016,937600.0,175400,Diesel
230,Honda Jazz VX,Honda,2016,1318500.0,41000,Petrol
231,Honda Amaze 1.2,Honda,2014,911230.0,33000,Petrol
232,Honda Amaze,Honda,2013,835047.0700000001,46000,Diesel
233,Honda City,Honda,2012,1171997.07,45000,Petrol
234,Honda City,Honda,2015,1757997.07,39000,Diesel
235,Honda Amaze,Honda,2015,1010847.0700000001,22000,Petrol
236,Audi A4 1.8,Audi,2009,2048070.0,47000,Petrol
237,Force Motors Force,Force,2015,1699400.0,3200,Diesel
238,Mahindra Scorpio S4,Mahindra,2015,2505150.0,30000,Diesel
239,Hyundai i20 Active,Hyundai,2015,1567550.0,37000,Diesel
240,Mini Cooper S,Mini,2013,5540955.23,13000,Petrol
241,Maruti Suzuki Ciaz,Maruti,2017,2048070.0,14000,Petrol
242,Chevrolet Tavera Neo,Chevrolet,2013,1098750.0,55000,Diesel
243,Honda Amaze,Honda,2013,835047.0700000001,46000,Diesel
244,Hyundai Eon Sportz,Hyundai,2012,521540.0,30000,Petrol
245,Tata Sumo Gold,Tata,2013,879000.0,50000,Diesel
246,Maruti Suzuki Wagon,Maruti,2003,263700.0,45000,Petrol
247,Maruti Suzuki Esteem,Maruti,2006,278350.0,45000,Petrol
248,Maruti Suzuki Eeco,Maruti,2015,747150.0,9300,Petrol
249,Chevrolet Enjoy 1.4,Chevrolet,2013,717850.0,55000,Diesel
250,Hyundai i20 Asta,Hyundai,2012,965435.0,36200,Diesel
251,Ford Figo Diesel,Ford,2014,571350.0,50000,Diesel
252,Maruti Suzuki Eeco,Maruti,2015,735755.2300000001,55000,Petrol
253,Maruti Suzuki Ertiga,Maruti,2014,1670097.07,45000,Petrol
254,Maruti Suzuki Esteem,Maruti,2007,205097.07,51000,Petrol
255,Maruti Suzuki Ritz,Maruti,2014,878997.0700000001,19000,Petrol
256,Maruti Suzuki Dzire,Maruti,2009,644600.0,46000,Petrol
257,Maruti Suzuki Ritz,Maruti,2013,1171997.07,33000,Diesel
258,Maruti Suzuki SX4,Maruti,2010,732497.0700000001,36000,Petrol
259,Maruti Suzuki Wagon,Maruti,2015,849697.0700000001,22000,Petrol
260,Mini Cooper S,Mini,2013,5540955.23,13500,Petrol
261,Nissan Terrano XL,Nissan,2015,1464997.07,60000,Diesel
262,Renault Duster 85,Renault,2013,1435697.07,27000,Diesel
263,Renault Duster 85,Renault,2014,1435697.07,59000,Diesel
264,Renault Duster 85,Renault,2015,1611497.07,19000,Diesel
265,Maruti Suzuki Dzire,Maruti,2013,1113400.0,30000,Petrol
266,Renault Kwid RXT,Renault,2018,952250.0,15000,Petrol
267,Maruti Suzuki Maruti,Maruti,2003,167010.0,56758,Petrol
268,Renault Kwid 1.0,Renault,2018,1025497.0700000001,10000,Petrol
269,Renault Lodgy 85,Renault,2018,2021697.07,20000,Diesel
270,Renault Scala RxL,Renault,2014,1025497.0700000001,49000,Diesel
271,Hyundai Grand i10,Hyundai,2014,1201300.0,41000,Petrol
272,Maruti Suzuki Swift,Maruti,2011,659250.0,45000,Petrol
273,Chevrolet Beat LS,Chevrolet,2010,351600.0,43000,Petrol
274,Tata Indigo eCS,Tata,2016,937600.0,175430,Diesel
275,Hyundai Santro Xing,Hyundai,2000,172870.0,56450,Petrol
276,Hyundai Fluidic Verna,Hyundai,2015,1582200.0,38000,Diesel
277,Chevrolet Beat LS,Chevrolet,2010,234400.0,56000,Petrol
278,Mahindra Quanto C8,Mahindra,2013,996200.0,37000,Diesel
279,Fiat Petra ELX,Fiat,2008,219750.0,65000,Petrol
280,Chevrolet Beat LS,Chevrolet,2015,644600.0,32700,Petrol
281,Skoda Fabia 1.2L,Skoda,2011,467335.0,38200,Diesel
282,Ford EcoSport Titanium,Ford,2016,1755070.0,30000,Diesel
283,Hyundai Accent GLX,Hyundai,2006,234400.0,56000,Petrol
284,Mahindra TUV300 T4,Mahindra,2016,1977750.0,9000,Diesel
285,Mini Cooper S,Mini,2013,5540955.23,13000,Petrol
286,Mini Cooper S,Mini,2013,5540955.23,13000,Petrol
287,Tata Indica V2,Tata,2008,439500.0,11000,Petrol
288,Mini Cooper S,Mini,2013,5540955.23,13000,Petrol
289,Tata Indigo CS,Tata,2009,212425.0,46000,Diesel
290,Maruti Suzuki Swift,Maruti,2019,1787300.0,73,Petrol
291,Mahindra Scorpio VLX,Mahindra,2004,673900.0,160000,Diesel
292,Honda Accord,Honda,2009,512750.0,58559,Petrol
293,Mahindra Scorpio S4,Mahindra,2015,2505150.0,30000,Diesel
294,Chevrolet Tavera Neo,Chevrolet,2013,1098750.0,55000,Diesel
295,Ford EcoSport Titanium,Ford,2014,1523600.0,57000,Diesel
296,Maruti Suzuki Ertiga,Maruti,2015,1538247.07,50000,Diesel
297,Honda Amaze,Honda,2014,878997.0700000001,37000,Petrol
298,Maruti Suzuki Dzire,Maruti,2012,878997.0700000001,40000,Petrol
299,Honda City,Honda,2011,835047.0700000001,55000,Petrol
300,Mahindra Scorpio 2.6,Mahindra,2007,644600.0,170000,Diesel
301,Maruti Suzuki Dzire,Maruti,2014,1245247.07,55000,Diesel
302,Honda City,Honda,2015,1889847.07,39000,Petrol
303,Honda Mobilio,Honda,2014,1171997.07,44000,Petrol
304,Toyota Corolla Altis,Toyota,2009,585997.0700000001,65000,Petrol
305,Honda City,Honda,2014,1714047.07,39000,Petrol
306,Skoda Laura,Skoda,2012,1025497.0700000001,44000,Diesel
307,Renault Duster,Renault,2015,1318497.07,49000,Diesel
308,Maruti Suzuki Ertiga,Maruti,2018,2343997.0700000003,9000,Diesel
309,Maruti Suzuki Dzire,Maruti,2015,1303847.07,45000,Diesel
310,Mahindra XUV500,Mahindra,2014,1904497.07,47000,Diesel
311,Hyundai Verna Fluidic,Hyundai,2012,1303847.07,40000,Diesel
312,Maruti Suzuki Vitara,Maruti,2016,2021697.07,29000,Diesel
313,Maruti Suzuki Wagon,Maruti,2016,1010847.0700000001,15000,Petrol
314,Mahindra Scorpio,Mahindra,2015,2768847.0700000003,45000,Diesel
315,Honda Amaze,Honda,2014,805747.0700000001,35000,Petrol
316,Mahindra XUV500,Mahindra,2013,2021697.07,80000,Diesel
317,Mahindra Scorpio,Mahindra,2013,1684747.07,68000,Diesel
318,Skoda Laura,Skoda,2013,1098747.07,50000,Diesel
319,Volkswagen Polo,Volkswagen,2010,585997.0700000001,60000,Diesel
320,Hyundai Elite i20,Hyundai,2016,1611497.07,9000,Petrol
321,Tata Manza Aura,Tata,2012,380900.0,72000,Diesel
322,Chevrolet Sail UVA,Chevrolet,2013,615300.0,60000,Petrol
323,Renault Duster 110,Renault,2012,1467930.0,38000,Diesel
324,Hyundai Verna Fluidic,Hyundai,2013,1174930.0,45000,Diesel
325,Audi A4 2.0,Audi,2012,3955500.0,40000,Diesel
326,Hyundai Elantra SX,Hyundai,2013,1758000.0,20000,Petrol
327,Mahindra Scorpio VLX,Mahindra,2013,1787300.0,35000,Diesel
328,Mahindra KUV100 K8,Mahindra,2016,1172000.0,20000,Diesel
329,Renault Scala RxL,Renault,2015,1098750.0,25000,Diesel
330,Mahindra Quanto C8,Mahindra,2013,1098750.0,20000,Diesel
331,Hyundai Grand i10,Hyundai,2014,1069450.0,20000,Petrol
332,Hyundai i20 Active,Hyundai,2015,1465000.0,18000,Petrol
333,Mahindra Xylo E4,Mahindra,2012,1172000.0,35000,Diesel
334,Hyundai Grand i10,Hyundai,2017,1538247.07,6821,Petrol
335,Hyundai i20,Hyundai,2014,1318497.07,23000,Petrol
336,Hyundai Eon,Hyundai,2014,512747.07,14000,Petrol
337,Hyundai i10,Hyundai,2012,717847.0700000001,38000,Petrol
338,Hyundai i20 Active,Hyundai,2015,1684747.07,35000,Diesel
339,Datsun Redi GO,Datsun,2017,717847.0700000001,22000,Petrol
340,Toyota Etios Liva,Toyota,2011,703197.0700000001,41000,Petrol
341,Hyundai Accent,Hyundai,2010,292997.07,45000,Petrol
342,Hyundai Verna,Hyundai,2014,1435697.07,44000,Diesel
343,Maruti Suzuki Swift,Maruti,2013,952247.0700000001,45000,Diesel
344,Toyota Fortuner,Toyota,2011,3149747.0700000003,52000,Diesel
345,Hyundai i10 Sportz,Hyundai,2012,673900.0,34000,Petrol
346,Mahindra Bolero Power,Mahindra,2018,2048070.0,1800,Diesel
347,Mahindra XUV500,Mahindra,2015,2930000.0,15000,Diesel
348,Honda City 1.5,Honda,2010,703200.0,400000,Petrol
349,Chevrolet Spark LT,Chevrolet,2009,322300.0,44000,Petrol
350,Mahindra Jeep MM,Mahindra,2019,1142700.0,60,Diesel
351,Renault Duster 110PS,Renault,2012,1467930.0,35000,Diesel
352,Mahindra XUV500,Mahindra,2016,3310900.0,72000,Diesel
353,Tata Indigo eCS,Tata,2014,732500.0,40000,Diesel
354,Mahindra Bolero SLE,Mahindra,2013,966900.0,80200,Diesel
355,Force Motors Force,Force,2015,1699400.0,3200,Diesel
356,Skoda Rapid Elegance,Skoda,2013,996200.0,48000,Diesel
357,Tata Vista Quadrajet,Tata,2011,351600.0,90000,Diesel
358,Maruti Suzuki Alto,Maruti,2015,776450.0,12000,Petrol
359,Maruti Suzuki SX4,Maruti,2012,776450.0,46000,Diesel
360,Maruti Suzuki Zen,Maruti,2003,249050.0,69900,Petrol
361,Mahindra Jeep CL550,Mahindra,2019,1110470.0,0,Diesel
362,Hyundai i10 Magna,Hyundai,2011,512750.0,45000,Petrol
363,Maruti Suzuki Alto,Maruti,2015,641670.0,5000,Petrol
364,Maruti Suzuki Swift,Maruti,2016,1025500.0,166000,Diesel
365,Honda City ZX,Honda,2008,436570.0,42000,Petrol
366,Mahindra Jeep CL550,Mahindra,2018,1128050.0,588,Diesel
367,Mahindra Jeep MM,Mahindra,2006,1245250.0,122,Diesel
368,Chevrolet Beat Diesel,Chevrolet,2017,439500.0,62000,Diesel
369,Honda City 1.5,Honda,2010,659250.0,70000,Petrol
370,Hyundai Verna 1.4,Hyundai,2014,1098750.0,36000,Petrol
371,Toyota Innova 2.5,Toyota,2012,2256100.0,0,Diesel
372,Maruti Suzuki Maruti,Maruti,1995,87900.0,55000,Petrol
373,Toyota Etios,Toyota,2011,805750.0,36000,Diesel
374,Volkswagen Polo,Volkswagen,2015,966900.0,38000,Diesel
375,Maruti Suzuki Swift,Maruti,2014,981550.0,55000,Diesel
376,Hyundai Elite i20,Hyundai,2015,1318500.0,20000,Diesel
377,Maruti Suzuki Swift,Maruti,2012,659250.0,40000,Petrol
378,Maruti Suzuki Versa,Maruti,2004,234400.0,50000,Petrol
379,Tata Indigo LX,Tata,2016,380900.0,104000,Diesel
380,Volkswagen Vento Konekt,Volkswagen,2011,717850.0,65000,Diesel
381,Mercedes Benz C,Mercedes,2002,1169070.0,41000,Petrol
382,Maruti Suzuki Ertiga,Maruti,2013,1318500.0,90000,Diesel
383,Honda City,Honda,2000,190450.0,80000,Petrol
384,Hyundai Santro Xing,Hyundai,2006,219750.0,46000,Petrol
385,Maruti Suzuki Omni,Maruti,2001,205100.0,70000,Petrol
386,Hyundai Sonata Transform,Hyundai,2017,556700.0,36469,Diesel
387,Hyundai Elite i20,Hyundai,2018,1758000.0,7800,Petrol
388,Volkswagen Vento Konekt,Volkswagen,2011,717850.0,65000,Diesel
389,Maruti Suzuki Alto,Maruti,2017,703200.0,60000,Petrol
390,Maruti Suzuki Alto,Maruti,2011,454150.0,32000,Petrol
391,Honda Jazz S,Honda,2009,498097.07,24695,Petrol
392,Hyundai Grand i10,Hyundai,2017,1318500.0,15141,Petrol
393,Maruti Suzuki Zen,Maruti,2001,117200.0,40000,Petrol
394,Mahindra Scorpio W,Mahindra,2012,483450.0,65000,Diesel
395,Maruti Suzuki Alto,Maruti,2014,791100.0,22000,Petrol
396,Hyundai Grand i10,Hyundai,2016,820400.0,59910,Diesel
397,Mahindra XUV500 W8,Mahindra,2012,1640800.0,100000,Diesel
398,Hyundai Creta 1.6,Hyundai,2016,2783500.0,25000,Petrol
399,Hyundai i20 Magna,Hyundai,2013,908300.0,35000,Petrol
400,Renault Duster 85,Renault,2015,2094950.0,65000,Diesel
401,Hyundai Grand i10,Hyundai,2014,996200.0,35000,Petrol
402,Honda Brio V,Honda,2012,688550.0,33000,Petrol
403,Mahindra TUV300 T4,Mahindra,2017,1787300.0,68000,Diesel
404,Chevrolet Spark LS,Chevrolet,2010,278350.0,23000,Petrol
405,Mahindra TUV300 T8,Mahindra,2018,2930000.0,4500,Diesel
406,Maruti Suzuki Swift,Maruti,2015,644600.0,129000,Diesel
407,Nissan X Trail,Nissan,2019,3516000.0,300,Diesel
408,Maruti Suzuki Alto,Maruti,2015,673900.0,5000,Petrol
409,Ford Ikon 1.3,Ford,2001,131850.0,65000,Petrol
410,Toyota Fortuner 3.0,Toyota,2010,2754200.0,131000,Diesel
411,Tata Manza ELAN,Tata,2010,455776.15,111111,Petrol
412,Mercedes Benz A,Mercedes,2013,4395000.0,14000,Petrol
413,Chevrolet Beat LS,Chevrolet,2016,615300.0,22000,Diesel
414,Ford EcoSport Trend,Ford,2013,1450350.0,38000,Diesel
415,Tata Indigo LS,Tata,2016,366250.0,70000,Diesel
416,Hyundai i20 Magna,Hyundai,2010,571350.0,36000,Petrol
417,Volkswagen Vento Highline,Volkswagen,2015,1611500.0,34000,Diesel
418,Renault Kwid RXT,Renault,2015,791100.0,43000,Petrol
419,Ford EcoSport Titanium,Ford,2014,1465000.0,40000,Diesel
420,Honda Amaze 1.5,Honda,2016,703200.0,160000,Diesel
421,Hyundai Verna 1.6,Hyundai,2017,2344000.0,12000,Petrol
422,BMW 5 Series,BMW,2011,3806070.0,49000,Diesel
423,Skoda Superb 1.8,Skoda,2011,1552900.0,68000,Petrol
424,Audi Q3 2.0,Audi,2013,4392070.0,37000,Diesel
425,Mahindra Bolero DI,Mahindra,2012,644600.0,59466,Diesel
426,Mahindra Scorpio S10,Mahindra,2015,2637000.0,97200,Diesel
427,Ford Figo Duratorq,Ford,2012,732500.0,99000,Diesel
428,Maruti Suzuki Wagon,Maruti,2018,1157350.0,25500,Petrol
429,Mahindra Logan Diesel,Mahindra,2009,380900.0,66000,Petrol
430,Tata Nano GenX,Tata,2010,93760.0,44005,Petrol
431,Mahindra TUV300 T4,Mahindra,2016,1582200.0,35000,Diesel
432,Mahindra TUV300 T4,Mahindra,2016,1582200.0,35000,Diesel
433,Hyundai Elite i20,Hyundai,2015,1186650.0,28000,Petrol
434,Hyundai Elite i20,Hyundai,2015,1172000.0,30000,Petrol
435,Honda City SV,Honda,2017,2226800.0,4000,Petrol
436,Maruti Suzuki Baleno,Maruti,2016,1465000.0,28000,Petrol
437,Ford Figo Petrol,Ford,2011,512750.0,75000,Petrol
438,Mahindra Scorpio S10,Mahindra,2015,2637000.0,97200,Diesel
439,Honda City,Honda,2017,2197500.0,3000,Petrol
440,Hyundai Elite i20,Hyundai,2015,1227670.0,20000,Petrol
441,Maruti Suzuki Versa,Maruti,2004,263700.0,50000,Petrol
442,Hyundai Eon Era,Hyundai,2018,410200.0,2110,Petrol
443,Mitsubishi Pajero Sport,Mitsubishi,2015,4512200.0,43222,Petrol
444,Hyundai i10 Magna,Hyundai,2008,805750.0,100200,Petrol
445,Toyota Corolla H2,Toyota,2003,439500.0,100000,Petrol
446,Maruti Suzuki Swift,Maruti,2011,673900.0,65,Petrol
447,Tata Indigo CS,Tata,2015,360390.0,100000,Diesel
448,Mahindra Scorpio S10,Mahindra,2015,2637000.0,97200,Diesel
449,Mahindra Scorpio S10,Mahindra,2015,2637000.0,97200,Diesel
450,Hyundai Xcent Base,Hyundai,2016,879000.0,140000,Diesel
451,Honda City,Honda,2015,1464997.07,55000,Petrol
452,Hyundai Accent Executive,Hyundai,2009,483450.0,48000,Petrol
453,Maruti Suzuki Baleno,Maruti,2016,1459140.0,22000,Petrol
454,Tata Zest XE,Tata,2018,1406400.0,103553,Diesel
455,Maruti Suzuki Dzire,Maruti,2017,1429840.0,80000,Diesel
456,Tata Sumo Gold,Tata,2014,732500.0,99000,Diesel
457,Toyota Corolla Altis,Toyota,2010,644600.0,58000,Petrol
458,Maruti Suzuki Eeco,Maruti,2013,849700.0,70000,LPG
459,Toyota Fortuner 3.0,Toyota,2015,4468250.0,120000,Diesel
460,Mahindra XUV500 W6,Mahindra,2013,1608277.0,49800,Diesel
461,Tata Tigor Revotron,Tata,2019,1904500.0,100,Diesel
462,Maruti Suzuki 800,Maruti,2001,161150.0,81876,Petrol
463,Maruti Suzuki Ertiga,Maruti,2015,1611500.0,75000,Petrol
464,Maruti Suzuki Versa,Maruti,2004,263700.0,50000,Petrol
465,Honda Mobilio S,Honda,2014,1169070.0,44000,Diesel
466,Maruti Suzuki Ertiga,Maruti,2016,2138900.0,55000,Diesel
467,Maruti Suzuki Vitara,Maruti,2017,2124250.0,36000,Diesel
468,Hyundai Verna 1.6,Hyundai,2016,571350.0,56000,Diesel
469,Maruti Suzuki Swift,Maruti,2007,380900.0,62000,Petrol
470,Toyota Fortuner 3.0,Toyota,2015,4468250.0,120000,Diesel
471,Maruti Suzuki Omni,Maruti,2014,556700.0,6020,Petrol
472,Honda Amaze,Honda,2013,732500.0,55700,Diesel
473,Tata Indica,Tata,2005,234400.0,42000,Petrol
474,Hyundai Santro Xing,Hyundai,2003,351600.0,50000,Petrol
475,Maruti Suzuki Zen,Maruti,2010,436570.0,35000,Petrol
476,Maruti Suzuki Wagon,Maruti,2014,732500.0,18500,Petrol
477,Maruti Suzuki Wagon,Maruti,2007,351600.0,7000,Petrol
478,Honda Brio VX,Honda,2017,1318500.0,11000,Petrol
479,Maruti Suzuki Zen,Maruti,2003,292997.07,53000,Petrol
480,Maruti Suzuki Zen,Maruti,2008,395550.0,23000,Petrol
481,Maruti Suzuki Wagon,Maruti,2016,659250.0,35500,Diesel
482,Maruti Suzuki Alto,Maruti,2010,290070.0,22134,Petrol
483,Renault Kwid RXT,Renault,2019,1084100.0,1000,Petrol
484,Tata Nano Lx,Tata,2010,152360.0,9000,Petrol
485,Jaguar XE XE,Jaguar,2016,8204000.0,8500,Petrol
486,Hyundai Eon Magna,Hyundai,2014,556700.0,35000,Petrol
487,Honda City 1.5,Honda,2014,1462070.0,22000,Petrol
488,Hindustan Motors Ambassador,Hindustan,2002,263700.0,25000,Diesel
489,Maruti Suzuki Ritz,Maruti,2010,436570.0,40000,Petrol
490,Hyundai Grand i10,Hyundai,2017,1172000.0,20000,Petrol
491,Hyundai Eon D,Hyundai,2016,351600.0,87000,Petrol
492,Maruti Suzuki Swift,Maruti,2015,732500.0,55000,Petrol
493,Maruti Suzuki Wagon,Maruti,2017,1098750.0,23000,Petrol
494,Honda Amaze 1.2,Honda,2014,1116330.0,6000,Petrol
495,Maruti Suzuki Estilo,Maruti,2013,527400.0,65000,Petrol
496,Maruti Suzuki Vitara,Maruti,2016,1699400.0,25000,Diesel
497,Maruti Suzuki Eeco,Maruti,2015,814540.0,39000,Petrol
498,Hyundai Creta 1.6,Hyundai,2016,2930000.0,8000,Petrol
499,Mahindra Scorpio Vlx,Mahindra,2013,2021700.0,75000,Diesel
500,Maruti Suzuki Ertiga,Maruti,2012,1406400.0,51000,Diesel
501,Mitsubishi Lancer 1.8,Mitsubishi,2006,249050.0,50000,Petrol
502,Maruti Suzuki Maruti,Maruti,2001,117200.0,75000,Petrol
503,Maruti Suzuki Alto,Maruti,2015,263700.0,55800,Petrol
504,Hyundai Grand i10,Hyundai,2015,996200.0,53000,Petrol
505,Hyundai Eon D,Hyundai,2018,761800.0,25000,Petrol
506,Ford Fiesta SXi,Ford,2009,732500.0,56400,Petrol
507,Maruti Suzuki Ritz,Maruti,2010,527400.0,72160,Diesel
508,Hyundai Verna Fluidic,Hyundai,2012,1025500.0,10000,Diesel
509,Maruti Suzuki Wagon,Maruti,2006,263702.93,48000,Petrol
510,Maruti Suzuki Estilo,Maruti,2007,336950.0,36000,Petrol
511,Audi A6 2.0,Audi,2012,4685070.0,11500,Diesel
512,Maruti Suzuki Wagon,Maruti,2003,380900.0,133000,Petrol
513,Maruti Suzuki Wagon,Maruti,2009,465870.0,27000,Petrol
514,Maruti Suzuki Wagon,Maruti,2009,468800.0,35000,Petrol
515,Maruti Suzuki Alto,Maruti,2010,322300.0,55000,Petrol
516,Maruti Suzuki Baleno,Maruti,2016,1245250.0,40000,Petrol
517,Hyundai Verna 1.6,Hyundai,2019,2637000.0,2000,Petrol
518,Maruti Suzuki Swift,Maruti,2009,439500.0,45000,Petrol
519,Hyundai Getz Prime,Hyundai,2009,322300.0,20000,Petrol
520,Hyundai Santro,Hyundai,2000,152357.07,88000,Petrol
521,Hyundai Getz Prime,Hyundai,2009,336950.0,20000,Petrol
522,Chevrolet Beat PS,Chevrolet,2012,629950.0,65422,Diesel
523,Ford EcoSport Trend,Ford,2017,1699400.0,10000,Petrol
524,Maruti Suzuki Dzire,Maruti,2013,1113400.0,35000,Petrol
525,Hyundai Fluidic Verna,Hyundai,2013,1025500.0,117000,Diesel
526,Tata Indica V2,Tata,2005,102550.0,150000,Diesel
527,BMW X1 xDrive20d,BMW,2011,3369500.0,72000,Diesel
528,Hyundai i20 Asta,Hyundai,2010,879000.0,10750,Petrol
529,Honda City 1.5,Honda,2009,788170.0,55000,Petrol
530,Tata Nano,Tata,2013,175800.0,6800,Petrol
531,Chevrolet Cruze LTZ,Chevrolet,2014,1172000.0,41000,Diesel
532,Hyundai Verna Fluidic,Hyundai,2015,1259900.0,73000,Diesel
533,Maruti Suzuki Swift,Maruti,2011,410200.0,65000,Diesel
534,Mahindra XUV500 W10,Mahindra,2018,3806070.0,40000,Diesel
535,Maruti Suzuki Alto,Maruti,2014,583070.0,37000,Petrol
536,Hyundai Accent GLE,Hyundai,2006,263700.0,55000,Petrol
537,Force Motors One,Force,2013,1611500.0,140000,Diesel
538,Maruti Suzuki Alto,Maruti,2019,776450.0,9800,Petrol
539,Chevrolet Spark 1.0,Chevrolet,2011,293000.0,27000,Petrol
540,Hyundai i10,Hyundai,2009,629950.0,27000,Petrol
541,Toyota Etios Liva,Toyota,2012,1113400.0,20000,Diesel
542,Renault Duster 85PS,Renault,2013,1177622.6700000002,57923,Diesel
543,Chevrolet Enjoy,Chevrolet,2014,1435700.0,30201,Diesel
544,Maruti Suzuki Alto,Maruti,2017,820400.0,6200,Petrol
545,BMW 5 Series,BMW,2009,1904500.0,37518,Petrol
546,Toyota Etios Liva,Toyota,2014,468800.0,24652,Petrol
547,Mahindra Jeep MM,Mahindra,2004,1242320.0,383,Diesel
548,Chevrolet Beat LS,Chevrolet,2016,659250.0,95000,Diesel
549,Chevrolet Cruze LTZ,Chevrolet,2011,1025500.0,35000,Diesel
550,Jeep Wrangler Unlimited,Jeep,2015,2783500.0,3528,Diesel
551,Maruti Suzuki Ertiga,Maruti,2013,1421050.0,52500,Diesel
552,Hyundai Verna VGT,Hyundai,2010,600650.0,47900,Diesel
553,Maruti Suzuki Omni,Maruti,2012,468800.0,14000,Petrol
554,Maruti Suzuki Celerio,Maruti,2018,908300.0,37000,Petrol
555,Tata Zest Quadrajet,Tata,2017,527400.0,90000,Diesel
556,Mahindra XUV500 W6,Mahindra,2013,1611207.0,52800,Diesel
557,Tata Indigo CS,Tata,2016,439500.0,104000,Diesel
558,Hyundai i10 Era,Hyundai,2011,512750.0,30000,Petrol
559,Tata Indigo eCS,Tata,2014,278350.0,195000,Diesel
560,Tata Indigo LX,Tata,2016,673900.0,104000,Diesel
561,Tata Indigo eCS,Tata,2016,673900.0,104000,Diesel
562,Tata Indigo Marina,Tata,2004,527400.0,70000,Diesel
563,Hyundai Xcent SX,Hyundai,2015,1172000.0,43000,Diesel
564,Hyundai Eon Magna,Hyundai,2013,542050.0,23000,Petrol
565,Renault Duster 85,Renault,2015,1128050.0,51000,Diesel
566,Maruti Suzuki Alto,Maruti,2009,263700.0,62000,Petrol
567,Tata Nano LX,Tata,2010,93760.0,48008,Petrol
568,Renault Duster 110,Renault,2013,1274550.0,39000,Diesel
569,Maruti Suzuki Wagon,Maruti,2010,659250.0,40000,Petrol
570,Maruti Suzuki Swift,Maruti,2006,555821.0,48247,Petrol
571,Maruti Suzuki Ertiga,Maruti,2012,1141821.0,39000,Diesel
572,Maruti Suzuki Swift,Maruti,2014,1069450.0,23000,Petrol
573,Maruti Suzuki Alto,Maruti,2017,1054800.0,9400,Petrol
574,Hyundai i20 Magna,Hyundai,2010,615300.0,50000,Petrol
575,Hyundai i10 Magna,Hyundai,2009,498100.0,75000,Petrol
576,Tata Zest XE,Tata,2017,1113400.0,70000,Diesel
577,Mahindra Xylo E8,Mahindra,2009,864350.0,64000,Diesel
578,Toyota Corolla Altis,Toyota,2010,542050.0,55000,Petrol
579,Tata Manza Aqua,Tata,2014,468800.0,200000,Diesel
580,Renault Kwid 1.0,Renault,2018,849700.0,2137,Petrol
581,Tata Venture EX,Tata,2013,293000.0,30000,Diesel
582,Maruti Suzuki Swift,Maruti,2014,922950.0,44000,Petrol
583,Skoda Octavia Classic,Skoda,2006,336920.7,65000,Diesel
584,Maruti Suzuki Omni,Maruti,2012,351600.0,160000,LPG
585,Chevrolet Beat Diesel,Chevrolet,2011,366250.0,56000,Diesel
586,Tata Sumo Gold,Tata,2012,615300.0,75000,Diesel
587,Hyundai Verna 1.6,Hyundai,2018,2505150.0,42000,Diesel
588,Tata Sumo Gold,Tata,2012,615300.0,75000,Diesel
589,Mahindra Scorpio 2.6,Mahindra,2007,761800.0,56000,Diesel
590,Maruti Suzuki Zen,Maruti,2002,278350.0,10544,Petrol
591,Maruti Suzuki Swift,Maruti,2011,747150.0,64000,Petrol
592,Mahindra Scorpio SLX,Mahindra,2008,879000.0,70000,Diesel
593,Hyundai Grand i10,Hyundai,2014,996200.0,25000,Petrol
594,Hyundai Elite i20,Hyundai,2017,1611500.0,15000,Petrol
595,Ford Ikon 1.6,Ford,2003,175800.0,50000,Petrol
596,Toyota Innova 2.5,Toyota,2011,2197500.0,147000,Diesel
597,Nissan Sunny XL,Nissan,2011,673900.0,52000,Petrol
598,Chevrolet Beat LT,Chevrolet,2012,380900.0,90001,Diesel
599,Maruti Suzuki Alto,Maruti,2017,791100.0,21000,Petrol
600,Maruti Suzuki Swift,Maruti,2012,820400.0,48006,Diesel
601,Maruti Suzuki Swift,Maruti,2012,820400.0,48006,Diesel
602,Maruti Suzuki Swift,Maruti,2012,820400.0,48006,Diesel
603,Toyota Innova 2.0,Toyota,2012,1758000.0,80000,Diesel
604,Maruti Suzuki Swift,Maruti,2010,556700.0,74000,Diesel
605,Hyundai Elite i20,Hyundai,2015,1465000.0,22000,Petrol
606,Mahindra XUV500 W10,Mahindra,2016,3120450.0,41000,Diesel
607,Volkswagen Polo Trendline,Volkswagen,2015,1025500.0,25000,Diesel
608,Toyota Etios Liva,Toyota,2012,1025500.0,85000,Diesel
609,Mahindra TUV300 T4,Mahindra,2016,1582200.0,29500,Diesel
610,Hyundai Elite i20,Hyundai,2015,1377100.0,30000,Petrol
611,Hyundai Santro Xing,Hyundai,2014,524470.0,57000,Petrol
612,Maruti Suzuki Zen,Maruti,2003,140640.0,60000,Petrol
613,Maruti Suzuki Ciaz,Maruti,2016,1904500.0,50000,Petrol
614,Hyundai Eon Era,Hyundai,2013,556700.0,39700,Petrol
615,Hyundai Elantra 1.8,Hyundai,2012,1465000.0,65000,Petrol
616,Maruti Suzuki Swift,Maruti,2010,791100.0,67000,Diesel
617,Maruti Suzuki Zen,Maruti,2008,366250.0,46000,Petrol
618,Hyundai Eon Era,Hyundai,2012,550840.0,38000,Petrol
619,Hyundai Grand i10,Hyundai,2016,1113400.0,27000,Petrol
620,Hyundai Verna Fluidic,Hyundai,2011,1069450.0,43000,Diesel
621,Ford EcoSport Trend,Ford,2014,1362450.0,47000,Petrol
622,Hyundai i20 Magna,Hyundai,2011,703200.0,42000,Petrol
623,Chevrolet Beat Diesel,Chevrolet,2016,527397.0700000001,19336,Diesel
624,Tata Indica eV2,Tata,2015,410200.0,60105,Diesel
625,Jaguar XF 2.2,Jaguar,2013,6416700.0,29000,Diesel
626,Audi Q5 2.0,Audi,2014,7002700.0,34000,Diesel
627,BMW 3 Series,BMW,2011,3149750.0,35000,Diesel
628,Maruti Suzuki Swift,Maruti,2015,1391750.0,22000,Petrol
629,BMW X1 sDrive20d,BMW,2012,3003250.0,41000,Diesel
630,Maruti Suzuki S,Maruti,2016,1801950.0,21000,Diesel
631,Maruti Suzuki Ertiga,Maruti,2013,1391750.0,48000,Diesel
632,Maruti Suzuki Alto,Maruti,2016,791100.0,38000,Petrol
633,Honda City SV,Honda,2014,1391750.0,34000,Diesel
634,Volkswagen Vento Comfortline,Volkswagen,2011,703200.0,45933,Petrol
635,Honda City 1.5,Honda,2005,351600.0,68000,Petrol
636,Audi A4 2.0,Audi,2016,5567000.0,44000,Diesel
637,Mahindra KUV100,Mahindra,2017,1054800.0,35000,Diesel
638,Tata Zest XE,Tata,2018,1318500.0,102563,Diesel
639,Mahindra XUV500 W8,Mahindra,2015,2637000.0,28600,Diesel
640,Maruti Suzuki Swift,Maruti,2017,1904500.0,41800,Diesel
641,Tata Sumo Gold,Tata,2014,805750.0,116000,Diesel
642,Maruti Suzuki Swift,Maruti,2009,615300.0,59000,Petrol
643,Mahindra Scorpio 2.6,Mahindra,2004,512750.0,58000,Diesel
644,Maruti Suzuki Omni,Maruti,2009,249050.0,45000,Petrol
645,Mitsubishi Pajero Sport,Mitsubishi,2015,4365700.0,42590,Diesel
646,Renault Duster,Renault,2014,2344000.0,7400,Diesel
647,Volkswagen Jetta Comfortline,Volkswagen,2009,1318500.0,54500,Diesel
648,Maruti Suzuki Ertiga,Maruti,2012,2930000.0,200000,Diesel
649,Audi A4 2.0,Audi,2013,4424300.0,27000,Diesel
650,Volvo S80 Summum,Volvo,2015,5420500.0,42000,Diesel
651,Toyota Corolla Altis,Toyota,2014,2314700.0,29000,Petrol
652,Mitsubishi Pajero Sport,Mitsubishi,2015,5054250.0,37000,Diesel
653,Chevrolet Beat LT,Chevrolet,2012,395550.0,36000,Petrol
654,BMW X1,BMW,2011,2930000.0,34000,Diesel
655,Datsun Redi GO,Datsun,2018,878997.0700000001,7000,Petrol
656,Mercedes Benz C,Mercedes,2009,3589250.0,76000,Diesel
657,Mahindra Scorpio SLX,Mahindra,2004,512750.0,60000,Diesel
658,Volkswagen Vento Comfortline,Volkswagen,2011,586000.0,95000,Diesel
659,Tata Indigo CS,Tata,2017,791100.0,50000,Diesel
660,Ford Figo Petrol,Ford,2019,1538250.0,0,Petrol
661,Honda City ZX,Honda,2006,527400.0,50000,Petrol
662,Maruti Suzuki Wagon,Maruti,2008,410200.0,68000,Petrol
663,Ford EcoSport Trend,Ford,2014,1172000.0,16000,Petrol
664,Maruti Suzuki Swift,Maruti,2016,1462070.0,51000,Diesel
665,Maruti Suzuki Omni,Maruti,2009,249050.0,56000,Petrol
666,Maruti Suzuki Zen,Maruti,2004,205100.0,100000,Petrol
667,Renault Duster RxL,Renault,2015,1611500.0,36000,Petrol
668,Maruti Suzuki Swift,Maruti,2014,1084100.0,11523,Petrol
669,Maruti Suzuki Baleno,Maruti,2018,2021700.0,1000,Petrol
670,Honda WR V,Honda,2009,732500.0,60000,Petrol
671,Tata Indigo CS,Tata,2016,322300.0,85000,Diesel
672,Renault Duster 110,Renault,2013,1435700.0,38600,Diesel
673,Mahindra Scorpio LX,Mahindra,2009,937600.0,95500,Diesel
674,Maruti Suzuki Zen,Maruti,2004,199240.0,56000,Petrol
675,Maruti Suzuki Wagon,Maruti,2014,380900.0,37458,Petrol
676,Maruti Suzuki SX4,Maruti,2016,2842100.0,85960,Diesel
677,Audi A3 Cabriolet,Audi,2015,9083000.0,12516,Petrol
678,Hyundai Eon D,Hyundai,2018,820400.0,35000,Petrol
679,Maruti Suzuki Zen,Maruti,2009,366250.0,0,Petrol
680,Mahindra Scorpio SLX,Mahindra,2008,835050.0,80000,Diesel
681,Hyundai Santro AE,Hyundai,2011,483450.0,45000,Petrol
682,Maruti Suzuki Swift,Maruti,2009,732500.0,51000,Diesel
683,Mahindra Scorpio S4,Mahindra,2015,2534450.0,30000,Diesel
684,Mahindra Xylo D2,Mahindra,2011,1142700.0,48000,Diesel
685,Hyundai Santro,Hyundai,2003,175800.0,51000,Petrol
686,Chevrolet Beat LT,Chevrolet,2015,629950.0,90000,Diesel
687,Maruti Suzuki Swift,Maruti,2015,1391750.0,43000,Diesel
688,Mahindra XUV500 W8,Mahindra,2015,2634070.0,53000,Diesel
689,Toyota Fortuner 3.0,Toyota,2013,4392070.0,97000,Diesel
690,Maruti Suzuki Alto,Maruti,2013,703200.0,20000,Petrol
691,Hyundai Getz GLE,Hyundai,2007,290070.0,55000,Petrol
692,Maruti Suzuki Swift,Maruti,2014,761800.0,120000,Diesel
693,Hyundai Creta 1.6,Hyundai,2019,3516000.0,0,Petrol
694,Hyundai Santro Xing,Hyundai,2007,336950.0,46000,Petrol
695,Hyundai Santro Xing,Hyundai,2009,257840.0,43200,Petrol
696,Mahindra Xylo D2,Mahindra,2011,1142700.0,56000,Diesel
697,Hyundai Santro Xing,Hyundai,2007,395550.0,42000,Petrol
698,Tata Indica V2,Tata,2009,263700.0,30600,Diesel
699,Hyundai i10 Sportz,Hyundai,2011,644600.0,38000,Petrol
700,Hyundai Grand i10,Hyundai,2017,1245247.07,2550,Petrol
701,Hyundai Santro Xing,Hyundai,2007,395550.0,47000,Petrol
702,Honda City 1.5,Honda,2005,278350.0,41000,Petrol
703,Nissan Micra XL,Nissan,2017,1259900.0,62500,Diesel
704,Honda City 1.5,Honda,2005,336950.0,68000,Petrol
705,Maruti Suzuki Alto,Maruti,2015,629950.0,50000,Petrol
706,Maruti Suzuki Wagon,Maruti,2004,155290.0,69000,Petrol
707,Maruti Suzuki Ertiga,Maruti,2012,1465000.0,48000,Diesel
708,Tata Indica eV2,Tata,2012,249050.0,55000,Diesel
709,Maruti Suzuki Omni,Maruti,2013,483450.0,25000,Petrol
710,Hyundai Eon Era,Hyundai,2014,586000.0,28400,Petrol
711,Hyundai Eon,Hyundai,2014,586000.0,28000,Petrol
712,Maruti Suzuki Swift,Maruti,2015,1245250.0,42000,Diesel
713,Hyundai Verna 1.6,Hyundai,2012,1758000.0,29000,Diesel
714,Chevrolet Tavera LS,Chevrolet,2005,380900.0,68485,Diesel
715,Tata Tiago Revotron,Tata,2018,1259900.0,3500,Petrol
716,Tata Tiago Revotorq,Tata,2019,1665705.0,0,Petrol
717,Maruti Suzuki Zen,Maruti,2006,208030.0,32000,Petrol
718,Mahindra KUV100 K8,Mahindra,2018,1640800.0,8000,Diesel
719,Ford EcoSport Titanium,Ford,2014,1728700.0,34000,Diesel
720,Hindustan Motors Ambassador,Hindustan,1995,2197500.0,37000,Petrol
721,Ford Fusion 1.4,Ford,2007,366250.0,85455,Diesel
722,Hyundai Santro Xing,Hyundai,2007,395550.0,46000,Petrol
723,Hyundai Santro,Hyundai,2002,175800.0,47000,Petrol
724,Fiat Linea Emotion,Fiat,2009,351600.0,64000,Petrol
725,Ford Ikon 1.3,Ford,2008,278350.0,46000,Petrol
726,Maruti Suzuki Omni,Maruti,2017,703200.0,8000,Petrol
727,Tata Indica V2,Tata,2012,336950.0,64000,Diesel
728,Mahindra Scorpio S4,Mahindra,2015,2329350.0,63000,Diesel
729,Hyundai Santro Xing,Hyundai,2007,161150.0,65000,Petrol
730,Mahindra Xylo D2,Mahindra,2009,879000.0,62000,Diesel
731,Hyundai Grand i10,Hyundai,2014,937600.0,41000,Petrol
732,Maruti Suzuki Alto,Maruti,2015,776450.0,14000,Petrol
733,Toyota Corolla,Toyota,2006,468800.0,40000,Petrol
734,Hyundai Eon Magna,Hyundai,2017,879000.0,1600,Petrol
735,Tata Sumo Grande,Tata,2010,380900.0,90000,Diesel
736,Maruti Suzuki Swift,Maruti,2011,732500.0,58000,Diesel
737,Volkswagen Polo Highline1.2L,Volkswagen,2013,1113400.0,27000,Petrol
738,Maruti Suzuki Alto,Maruti,2003,123060.0,60000,Petrol
739,Tata Tiago Revotron,Tata,2017,1172000.0,31000,Petrol
740,Maruti Suzuki Swift,Maruti,2009,351600.0,90000,Diesel
741,Maruti Suzuki Swift,Maruti,2009,351600.0,90000,Diesel
742,Tata Indigo eCS,Tata,2016,380900.0,150000,Diesel
743,Chevrolet Beat LS,Chevrolet,2014,553770.0,31000,Diesel
744,Mahindra Xylo E8,Mahindra,2011,1069450.0,43000,Diesel
745,Hyundai Eon D,Hyundai,2013,498100.0,20000,Petrol
746,Tata Sumo Gold,Tata,2013,629950.0,100000,Petrol
747,Tata Nano,Tata,2013,175800.0,7000,Petrol
748,Hyundai Elite i20,Hyundai,2017,1757997.07,31000,Petrol
749,Hyundai i10 Magna,Hyundai,2009,1172000.0,33000,Petrol
750,Hyundai Creta,Hyundai,2016,2637000.0,60000,Diesel
751,Volkswagen Polo,Volkswagen,2013,878997.0700000001,48000,Diesel
752,Maruti Suzuki Dzire,Maruti,2014,1098747.07,33000,Petrol
753,Tata Bolt XM,Tata,2015,1758000.0,15000,Petrol
754,Maruti Suzuki Alto,Maruti,2005,205100.0,47000,Petrol
755,Maruti Suzuki Alto,Maruti,2005,293000.0,40000,Petrol
756,Maruti Suzuki Ritz,Maruti,2010,439500.0,38000,Diesel
757,Maruti Suzuki Alto,Maruti,2017,659250.0,12500,Petrol
758,Maruti Suzuki Dzire,Maruti,2009,615300.0,42000,Petrol
759,Hyundai i20 Asta,Hyundai,2014,1245250.0,31000,Petrol
760,Maruti Suzuki Swift,Maruti,2008,474660.0,60000,Diesel
761,Tata Indica V2,Tata,2005,175800.0,80000,Diesel
762,Mahindra Scorpio VLX,Mahindra,2014,1904500.0,77000,Diesel
763,Toyota Innova 2.5,Toyota,2012,2197500.0,75000,Diesel
764,Mahindra Xylo E8,Mahindra,2010,1098750.0,40000,Diesel
765,Hyundai i20 Magna,Hyundai,2011,673900.0,47000,Petrol
766,Maruti Suzuki Omni,Maruti,2000,105477.07,60000,Petrol
767,Mahindra KUV100,Mahindra,2016,1113400.0,26500,Petrol
768,Mahindra KUV100 K8,Mahindra,2019,1640800.0,2875,Petrol
769,Datsun Go Plus,Datsun,2016,835050.0,13900,Petrol
770,Ford Endeavor 4x4,Ford,2019,8497000.0,9000,Diesel
771,Tata Indica V2,Tata,2005,117197.07,80000,Diesel
772,Hyundai Santro Xing,Hyundai,2006,249050.0,60000,Petrol
773,Maruti Suzuki Wagon,Maruti,2016,1157350.0,20000,Petrol
774,Maruti Suzuki Swift,Maruti,2008,512750.0,58000,Diesel
775,Maruti Suzuki Alto,Maruti,2019,1172000.0,1500,Petrol
776,Toyota Innova 2.5,Toyota,2011,2197500.0,75000,Diesel
777,Maruti Suzuki Alto,Maruti,2016,732500.0,2450,Petrol
778,Maruti Suzuki Alto,Maruti,2019,1245250.0,1625,Petrol
779,Volkswagen Polo Highline1.2L,Volkswagen,2017,1538250.0,45000,Petrol
780,Mahindra Logan,Mahindra,2009,380900.0,65000,Diesel
781,Maruti Suzuki 800,Maruti,2000,87900.0,33400,Petrol
782,Mahindra Scorpio,Mahindra,2011,1391750.0,60123,Diesel
783,Chevrolet Sail 1.2,Chevrolet,2013,879000.0,28000,Petrol
784,Hyundai Santro AE,Hyundai,2003,175800.0,70000,Petrol
785,Maruti Suzuki Wagon,Maruti,2006,293000.0,7000,Petrol
786,Hyundai Eon,Hyundai,2018,761800.0,25000,Petrol
787,Tata Manza,Tata,2015,293000.0,100000,Diesel
788,Toyota Etios G,Toyota,2013,776450.0,42000,Petrol
789,Hyundai Getz Prime,Hyundai,2009,336950.0,20000,Petrol
790,Toyota Qualis,Toyota,2003,527400.0,100000,Diesel
791,Hyundai Santro Xing,Hyundai,2004,131850.0,137495,Petrol
792,Tata Indica eV2,Tata,2016,147965.0,91200,Diesel
793,Honda City 1.5,Honda,2009,791100.0,55000,Petrol
794,Tata Zest XE,Tata,2017,849700.0,120000,Diesel
795,Mahindra Quanto C4,Mahindra,2013,952250.0,63000,Diesel
796,Tata Indigo eCS,Tata,2016,468800.0,104000,Diesel
797,Maruti Suzuki Swift,Maruti,2016,1025500.0,146000,Diesel
798,Hyundai Elite i20,Hyundai,2011,849700.0,40000,Petrol
799,Hyundai i20 Select,Hyundai,2011,849700.0,40000,Petrol
800,Chevrolet Tavera Neo,Chevrolet,2007,1362450.0,100800,Diesel
801,Maruti Suzuki Dzire,Maruti,2016,952250.0,150000,Diesel
802,Hyundai Elite i20,Hyundai,2018,1494300.0,2100,Petrol
803,Honda City VX,Honda,2016,2519800.0,95000,Petrol
804,Maruti Suzuki Dzire,Maruti,2016,1318500.0,2500,Diesel
805,Hyundai Getz,Hyundai,2006,366250.0,80000,Petrol
806,Mercedes Benz C,Mercedes,2006,1465002.9300000002,15000,Petrol
807,Maruti Suzuki Alto,Maruti,2005,278350.0,65000,Petrol
808,Maruti Suzuki Swift,Maruti,2009,732500.0,51000,Diesel
809,Skoda Fabia,Skoda,2009,322300.0,45000,Petrol
810,Maruti Suzuki Ritz,Maruti,2011,791100.0,50000,Petrol
811,Tata Indica V2,Tata,2009,322300.0,30000,Diesel
812,Toyota Corolla Altis,Toyota,2009,879000.0,132000,Petrol
813,Tata Zest XM,Tata,2018,761800.0,27000,Diesel
814,Mahindra Quanto C8,Mahindra,2013,1142700.0,40000,Diesel
